CodeCisu V1.3;CodeCisu V2.0
L01.02.12;L01.02.13
L02.02.04;L02.02.00
L02.02.05;L02.02.04
L02.03.03;L02.03.00
L02.06.07;L06.09.04
L02.06.08;L02.06.00
L02.07.02;L02.07.03
L02.08.00;L02.09.00
L03.04.00;L03.00.00
L03.05.00;L03.04.00
L05.01.01;L05.01.01
L05.01.02;L05.01.01
L05.01.03;L05.02.00
L05.01.04;L05.03.05
L05.02.00;L05.03.00
L05.02.01;L05.03.01
L05.02.02;L05.03.02
L05.02.03;L05.03.03
L05.02.04;L05.03.04
L05.03.00;L05.04.00
L05.03.01;L05.04.01
L05.03.02;L05.04.02
L05.04.00;L05.05.00
L05.04.01;L05.05.01
L05.04.02;L05.05.02
L05.04.03;L05.05.00
L05.04.04;L05.05.03
L05.04.05;L05.05.04
L05.04.06;L05.05.05
L05.05.00;L05.06.00
L05.06.00;L05.07.00
L05.07.00;L05.08.00
L06.01.08;L06.01.10
L06.02.00;L06.05.00
L06.03.00;L06.06.00
L06.03.01;L06.06.01
L06.03.02;L06.06.02
L06.03.03;L06.06.03
L06.03.04;L06.06.04
L06.03.05;L06.06.05
L06.04.00;L06.07.00
L06.05.00;L06.08.00
L06.05.01;L06.08.01
L06.05.02;L06.08.02
L06.06.00;L06.09.00
L06.06.01;L06.09.01
L06.06.02;L06.09.02
L06.06.03;L06.09.03
L06.06.04;L06.09.05
L06.07.00;L06.10.00
L06.07.01;L06.10.01
L06.07.02;L06.10.02
L07.00.00;L07.00.00
L07.01.00;L07.00.00
L07.01.01;L07.00.00
L07.02.00;L07.00.00
