CodeCisuMR0;CodeCisuMR1;CodeCisu V1.3
M20.00;[Null];M01.00
M22.00;M22.11;M01.01
M22.00;[Null];M01.02
M22.00;M22.21;M01.02
M50.00;M50.35;M01.02
M60.00;M60.03;M01.02
M22.00;M22.01;M01.03
M31.00;M31.01;M01.03
M31.00;M31.02;M01.03
M31.00;M31.03;M01.03
M31.00;M31.13;M01.03
M50.00;M50.33;M01.03
M50.00;M50.53;M01.03
M41.00;[Null];M02.00
M41.00;M41.41;M02.00
M41.00;M41.51;M02.00
M41.00;M41.61;M02.00
M45.00;[Null];M02.00
M24.00;M24.01;M02.02
M46.00;M46.21;M02.03
M46.00;M46.22;M02.03
M46.00;M46.29;M02.03
M46.00;M46.02;M02.04
M46.00;M46.03;M02.04
M46.00;M46.12;M02.04
M46.00;M46.13;M02.04
M46.00;M46.09;M02.05
M46.00;M46.19;M02.05
M24.00;M24.91;M02.06
M24.00;M24.92;M02.06
M41.00;M41.21;M02.06
M41.00;M41.29;M02.06
M41.00;M41.39;M02.06
M41.00;M41.49;M02.06
M41.00;M41.59;M02.06
M41.00;M41.69;M02.06
M45.00;M45.33;M02.06
M24.00;[Null];M02.07
M24.00;M24.11;M02.07
M41.00;M41.22;M02.07
M41.00;M41.31;M02.07
M41.00;M41.42;M02.07
M41.00;M41.52;M02.07
M41.00;M41.53;M02.07
M41.00;M41.54;M02.07
M41.00;M41.55;M02.07
M41.00;M41.62;M02.07
M41.00;M41.64;M02.07
M41.00;M41.65;M02.07
M41.00;M41.66;M02.07
M45.00;M45.02;M02.07
M45.00;M45.03;M02.07
M45.00;M45.05;M02.07
M45.00;M45.06;M02.07
M45.00;M45.07;M02.07
M45.00;M45.31;M02.07
M45.00;M45.32;M02.07
M46.00;[Null];M02.07
M46.00;M46.01;M02.07
M46.00;M46.11;M02.07
M41.00;M41.11;M02.08
M41.00;M41.32;M02.08
M45.00;M45.01;M02.08
M45.00;M45.08;M02.08
M45.00;M45.09;M02.08
M80.00;M80.01;M03.01
M80.00;M80.02;M03.01
M80.00;M80.03;M03.01
M80.00;M80.04;M03.01
M80.00;M80.05;M03.01
M80.00;M80.06;M03.01
M80.00;M80.07;M03.01
M80.00;M80.08;M03.01
M32.00;M32.95;M03.02
M60.00;M60.05;M03.02
M80.00;[Null];M03.02
M80.00;M80.11;M03.02
M80.00;M80.12;M03.02
M80.00;M80.13;M03.02
M80.00;M80.14;M03.02
M80.00;M80.15;M03.02
M80.00;M80.19;M03.02
M60.00;M60.31;M03.06
M60.00;M60.32;M03.06
M60.00;M60.33;M03.06
M60.00;M60.34;M03.06
M60.00;M60.35;M03.06
M60.00;M60.36;M03.06
M60.00;M60.37;M03.06
M60.00;M60.38;M03.06
M60.00;M60.39;M03.06
M60.00;M60.40;M03.06
M60.00;M60.41;M03.06
M60.00;M60.49;M03.06
M32.00;[Null];M03.07
M32.00;M32.91;M03.07
M32.00;M32.99;M03.07
M32.00;M32.01;M03.08
M32.00;M32.02;M03.08
M32.00;M32.03;M03.08
M32.00;M32.04;M03.08
M32.00;M32.05;M03.08
M32.00;M32.51;M03.09
M32.00;M32.57;M03.09
M32.00;M32.31;M03.10
M32.00;M32.32;M03.10
M32.00;M32.34;M03.10
M32.00;M32.35;M03.10
M32.00;M32.39;M03.10
M32.00;M32.52;M03.10
M32.00;M32.54;M03.10
M32.00;M32.55;M03.10
M32.00;M32.92;M03.11
M60.00;M60.01;M03.11
M60.00;M60.08;M03.11
M31.00;[Null];M03.12
M31.00;M31.11;M03.12
M31.00;M31.12;M03.12
M31.00;M31.19;M03.12
M31.00;M31.91;M03.12
M31.00;M31.92;M03.12
M31.00;M31.93;M03.12
M31.00;M31.94;M03.12
M31.00;M31.99;M03.12
M30.00;[Null];M03.13
M30.00;M30.61;M03.13
M30.00;M30.91;M03.13
M30.00;M30.92;M03.13
M30.00;M30.93;M03.13
M30.00;M30.95;M03.13
M30.00;M30.96;M03.13
M60.00;M60.94;M03.14
M90.00;M90.41;M03.14
M90.00;M90.71;M03.14
M90.00;M90.11;M03.15
M90.00;M90.12;M03.15
M90.00;M90.13;M03.15
M90.00;M90.14;M03.15
M90.00;M90.16;M03.15
M90.00;M90.17;M03.15
M90.00;M90.19;M03.15
M90.00;M90.61;M03.16
M90.00;M90.63;M03.17
M24.00;M24.02;M03.18
M24.00;M24.29;M03.18
M24.00;M24.21;M03.19
M24.00;M24.25;M03.19
M24.00;M24.26;M03.19
M24.00;M24.28;M03.19
M60.00;M60.21;M03.20
M60.00;M60.26;M03.20
M90.00;M90.51;M03.21
M90.00;M90.53;M03.21
M90.00;M90.54;M03.21
M90.00;M90.55;M03.21
M90.00;M90.59;M03.21
M32.00;M32.11;M03.23
M32.00;M32.21;M03.23
M32.00;M32.22;M03.23
M32.00;M32.25;M03.23
M32.00;M32.24;M03.23
M50.00;M50.22;M03.23
M50.00;M50.32;M03.23
M50.00;M50.52;M03.23
M24.00;M24.27;M03.24
M90.00;M90.52;M03.24
M60.00;[Null];M03.26
M60.00;M60.51;M03.26
M60.00;M60.53;M03.26
M60.00;M60.59;M03.26
M60.00;M60.91;M03.26
M60.00;M60.96;M03.26
M60.00;M60.92;M03.27
M90.00;M90.01;M03.28
M32.00;M32.36;M03.29
M60.00;M60.93;M03.30
M50.00;[Null];M04.00
M50.00;M50.21;M04.00
M50.00;M50.29;M04.00
M50.00;M50.31;M04.00
M50.00;M50.39;M04.00
M50.00;M50.54;M04.00
M50.00;M50.51;M04.02
M50.00;M50.25;M04.03
M90.00;M90.64;M04.04
M50.00;M50.11;M04.05
M50.00;M50.12;M04.05
M50.00;M50.15;M04.05
M50.00;M50.16;M04.05
M90.00;M90.65;M05.01
M90.00;M90.62;M05.02
M98.00;[Null];M06.01
M98.00;M98.01;M06.01
M98.00;M98.11;M06.01
M98.00;M98.21;M06.01
M98.00;M98.31;M06.01
M90.00;M90.31;M06.02
M41.00;M41.01;M06.03
M30.00;M30.97;M06.04
M90.00;[Null];M06.04
M90.00;M90.21;M06.05
